Flavour Name,Image
Apple,https://onlymuscle.co.uk/wp-content/uploads/2015/09/Apple.jpg
Apple & Mango,https://onlymuscle.co.uk/wp-content/uploads/2015/09/Apple-and-Mango.jpg
Bakewell,https://onlymuscle.co.uk/wp-content/uploads/2015/09/Bakewell.jpg
Banana,https://onlymuscle.co.uk/wp-content/uploads/2015/09/Banana-.jpg
Banana Smoothie,https://onlymuscle.co.uk/wp-content/uploads/2015/09/Banana-Smoothie.jpg
Banana Split,https://onlymuscle.co.uk/wp-content/uploads/2015/09/Banana-Split-.jpg
Banana Toffee,https://onlymuscle.co.uk/wp-content/uploads/2015/09/Banana-Toffee-.jpg
Berry,https://onlymuscle.co.uk/wp-content/uploads/2015/09/Berry-.jpg
Bluberry,https://onlymuscle.co.uk/wp-content/uploads/2015/09/Bluberry.jpg
Bluberry Cheesecake,https://onlymuscle.co.uk/wp-content/uploads/2015/09/Bluberry-Cheesecake-.jpg
Cherry,https://onlymuscle.co.uk/wp-content/uploads/2015/09/Cherry-.jpg
Cherry & Almond,https://onlymuscle.co.uk/wp-content/uploads/2015/09/Cherry-Almond-.jpg
Cherry & Chocolate,https://onlymuscle.co.uk/wp-content/uploads/2015/09/Cherry-Chocolate-.jpg
Cherry Bomb,https://onlymuscle.co.uk/wp-content/uploads/2015/09/Cherry-Bomb-.jpg
Choc Chip Cookie ,https://onlymuscle.co.uk/wp-content/uploads/2015/09/Choc-Chip-Cookie-.jpg
Choc Fudge Brownie,https://onlymuscle.co.uk/wp-content/uploads/2015/09/Choc-Fudge-Brownie-.jpg
Choc Mint,https://onlymuscle.co.uk/wp-content/uploads/2015/09/Choc-Mint-.jpg
Chocolate,https://onlymuscle.co.uk/wp-content/uploads/2015/09/Chocolate-.jpg
Chocolate Chip ,https://onlymuscle.co.uk/wp-content/uploads/2015/09/Chocolate-Chip-.jpg
Chocolate Deluxe,https://onlymuscle.co.uk/wp-content/uploads/2015/09/Chocolate-Deluxe-.jpg
Chocolate Orange,https://onlymuscle.co.uk/wp-content/uploads/2015/09/Chocolate-Orange-.jpg
Chocolate Peanut,https://onlymuscle.co.uk/wp-content/uploads/2015/09/Chocolate-Peanut-.jpg
Custard Cream,https://onlymuscle.co.uk/wp-content/uploads/2015/09/Custard-Cream-.jpg
Double Choc Cookie,https://onlymuscle.co.uk/wp-content/uploads/2015/09/Double-Choc-Cookie.jpg
Dutch Vanilla ,https://onlymuscle.co.uk/wp-content/uploads/2015/09/Dutch-Vanilla-.jpg
Electric Lemonade,https://onlymuscle.co.uk/wp-content/uploads/2015/09/Electric-Lemonade.jpg
Forest Berries,https://onlymuscle.co.uk/wp-content/uploads/2015/09/Forest-Berries.jpg
Fruit Punch,https://onlymuscle.co.uk/wp-content/uploads/2015/09/Fruit-Punch-.jpg
Furious Fruit Punch,https://onlymuscle.co.uk/wp-content/uploads/2015/09/Furious-Fruit-Punch-.jpg
Grapefruit & Pineapple,https://onlymuscle.co.uk/wp-content/uploads/2015/09/Grapefruit-Pineapple-.jpg
Juicy Grape,https://onlymuscle.co.uk/wp-content/uploads/2015/09/Juicy-Grape-.jpg
Juicy Watermelon,https://onlymuscle.co.uk/wp-content/uploads/2015/09/Juicy-Watermelon-.jpg
Lemon,https://onlymuscle.co.uk/wp-content/uploads/2015/09/Lemon-.jpg
Lemon & Lime,https://onlymuscle.co.uk/wp-content/uploads/2015/09/Lemon-Lime-.jpg
Lemon Drop,https://onlymuscle.co.uk/wp-content/uploads/2015/09/Lemon-Drop.jpg
Lime,https://onlymuscle.co.uk/wp-content/uploads/2015/09/Lime-.jpg
Mango,https://onlymuscle.co.uk/wp-content/uploads/2015/09/Mango-.jpg
Milk Chocolate,https://onlymuscle.co.uk/wp-content/uploads/2015/09/Milk-Chocolate-.jpg
Natural,https://onlymuscle.co.uk/wp-content/uploads/2015/09/Natural.jpg
Orange,https://onlymuscle.co.uk/wp-content/uploads/2015/09/Orange-.jpg
Orange & Passion Fruit,https://onlymuscle.co.uk/wp-content/uploads/2015/09/Orange-Passion-Fruit-.jpg
Peanut,https://onlymuscle.co.uk/wp-content/uploads/2015/09/Peanut-.jpg
Pinapple,https://onlymuscle.co.uk/wp-content/uploads/2015/09/Pinapple-.jpg
Purple Lemonade,https://onlymuscle.co.uk/wp-content/uploads/2015/09/Purple-Lemonade-.jpg
Raspberry,https://onlymuscle.co.uk/wp-content/uploads/2015/09/Raspberry.jpg
Rich Chocolate,https://onlymuscle.co.uk/wp-content/uploads/2015/09/Rich-Chocolate.jpg
Sour Green Apple,https://onlymuscle.co.uk/wp-content/uploads/2015/09/Sour-Green-Apple-.jpg
Stawberry ,https://onlymuscle.co.uk/wp-content/uploads/2015/09/Stawberry-.jpg
Strawberry & Cream,https://onlymuscle.co.uk/wp-content/uploads/2015/09/Stawberry-Cream-.jpg
Strawberry Ice Cream,https://onlymuscle.co.uk/wp-content/uploads/2015/09/Strawberry-Ice-Cream-.jpg
Strawberry & Vanilla,https://onlymuscle.co.uk/wp-content/uploads/2015/09/Strawberry-Vanilla.jpg
Toffee,https://onlymuscle.co.uk/wp-content/uploads/2015/09/Toffee-.jpg
Toffee Delight,https://onlymuscle.co.uk/wp-content/uploads/2015/09/Toffee-Delight-.jpg
Tropical,https://onlymuscle.co.uk/wp-content/uploads/2015/09/Tropical-.jpg
Tropical Burst,https://onlymuscle.co.uk/wp-content/uploads/2015/09/Tropical-Burst-.jpg
Vanilla,https://onlymuscle.co.uk/wp-content/uploads/2015/09/Vanilla-.jpg
Vanilla Ice cream,https://onlymuscle.co.uk/wp-content/uploads/2015/09/Vanilla-Ice-cream-.jpg
Watermelon,https://onlymuscle.co.uk/wp-content/uploads/2015/09/Watermelon-.jpg
Zesty Lemonade,https://onlymuscle.co.uk/wp-content/uploads/2015/09/Zesty-Lemonade.jpg